name,nationality,positions,period of enrollment,appearances,goals
Angelo Alessio,Italy,MF,1987-1992,142,21
Jose Altafini,Brazil/Italy,FW,1972-1976,117,37
Amauri,Brazil/Italy,FW,2008-2011,100,24
Nicola Amoruso,Italy,FW,1996-2002,105,29
Pietro Anastasi,Italy,FW,1968-1976,307,132
Roberto Anzolin,Italy,GK,1961-1970,321,0
Kwadwo Asamoah,Ghana,MF,2012-2018,156,5
Roberto Baggio,Italy,FW,1990-1995,200,115
Oreste Barale,Kingdom of Italy,MF,1924-1931,116,1
Andrea Barzagli,Italy,DF,2011-2019,281,2
Savino Bellini,Kingdom of Italy,FW,1937-1944,126,34
Romeo Benetti,Italy,FW,"1968-1969, 1976-1979",159,23
Rodrigo Bentancur,Uruguay,MF,2017-2022,181,3
Giancarlo Bercellino,Italy,DF,1961-1969,211,14
Federico Bernardeschi,Italy,FW,2017-2022,183,12
Luigi Bertolini,Kingdom of Italy,MF,1930-1937,161,5
Alberto Bertuccelli,Italy,DF,1949-1954,146,2
Roberto Bettega,Italy,FW,1970-1983,482,179
Carlo Bigatto,Kingdom of Italy,MF,1913-1931,243,2
Alessandro Birindelli,Italy,DF,1997-2008,305,7
Zbigniew Boniek,Poland,FW,1982-1985,133,31
Massimo Bonini,San Marino,MF,1981-1989,301,6
Giampiero Boniperti,Italy,FW,1946-1961,465,185
Leonardo Bonucci,Italy,DF,"2010-2017, 2018-",502,35
Felice Borel,Kingdom of Italy,FW,"1932-1941, 1942-1946",308,163
Sergio Brio,Italy,DF,1978-1990,385,24
Gianluigi Buffon,Italy,GK,"2001-2018, 2019-2021",685,0
Antonio Cabrini,Italy,DF,1976-1989,460,52
Martin Caceres,Uruguay,DF,"2009-2010, 2012-2016, 2019",119,7
Umberto Caligaris,Kingdom of Italy,DF,1928-1935,198,0
Mauro Camoranesi,Argentina/Italy,MF,2002-2010,288,32
Fabio Cannavaro,Italy,DF,"2004-2006, 2009-2010",128,7
Fabio Capello,Italy,MF,1970-1976,240,41
Massimo Carrera,Italy,DF,1991-1996,166,1
Pierluigi Casiraghi,Italy,FW,1989-1993,147,37
Ernesto Castano,Italy,DF,1958-1970,352,3
Franco Causio,Italy,MF,"1967-1968, 1970-1981",447,72
Renato Cesarini,Argentina/Kingdom of Italy,FW,1929-1935,147,53
John Charles,Wales,FW,1957-1962,186,109
Giorgio Chiellini,Italy,DF,2005-2022,561,36
Cinesinho,Brazil,FW,1964-1968,119,10
Umberto Colombo,Italy,FW,1954-1961,197,25
Gianpiero Combi,Kingdom of Italy,GK,1921-1934,369,0
Antonio Conte,Italy,MF,1991-2004,419,44
Giuseppe Corradi,Italy,DF,1951-1959,203,5
Douglas Costa,Brazil,FW,2017-2020,103,10
Juan Cuadrado,Colombia,MF,2015-2023,314,26
Antonello Cuccureddu,Italy,DF,1969-1981,438,39
Danilo,Brazil,DF,2019-,163,8
Edgar Davids,Netherlands,MF,1997-2004,235,10
Luigi De Agostini,Italy,DF,1987-1992,215,28
Paolo De Ceglie,Italy,DF,2006-2017,129,2
Matthijs de Ligt,Netherlands,DF,2019-2022,117,8
Mattia De Sciglio,Italy,DF,2017-,116,2
Alessandro Del Piero,Italy,FW,1993-2012,705,290
Luis del Sol,Spain,MF,1962-1970,300,31
Teobaldo Depetrini,Kingdom of Italy,MF,1933-1949,388,10
Didier Deschamps,France,MF,1994-1999,178,4
Paolo Di Canio,Italy,FW,1990-1993,112,7
Angelo Di Livio,Italy,MF,1993-1999,269,6
Paulo Dybala,Argentina,FW,2015-2022,293,115
Flavio Emoli,Italy,MF,1955-1963,251,10
Pietro Fanna,Italy,MF,1977-1982,152,20
Luciano Favero,Italy,DF,1984-1989,206,2
Ciro Ferrara,Italy,DF,1994-2005,358,20
Giovanni Ferrari,Kingdom of Italy,FW,1930-1942,193,78
Rino Ferrario,Italy,MF,"1950-1955, 1957-1959",156,6
Alfredo Foni,Kingdom of Italy,DF,1934-1947,304,8
Giuseppe Furino,Italy,MF,1969-1984,528,19
Guglielmo Gabetto,Kingdom of Italy,FW,1934-1941,191,102
Roberto Galia,Italy,MF,1988-1994,225,11
Bruno Garzena,Italy,DF,"1952-1953, 1954-1962",188,0
Claudio Gentile,Italy,DF,1973-1984,417,10
Sebastian Giovinco,Italy,FW,2006-2015,132,20
Adolfo Gori,Italy,MF,1963-1968,192,6
Zdenek Grygera,Czech Republic,DF,2007-2011,114,3
Helmut Haller,Germany,FW,1968-1973,174,33
John Hansen,Denmark,FW,1948-1954,189,124
Gonzalo Higuain,Argentina,FW,2016-2020,149,66
Vincenzo Iaquinta,Italy,FW,2007-2012,108,40
Filippo Inzaghi,Italy,FW,1997-2001,165,89
Mark Iuliano,Italy,DF,1996-2005,277,7
Julio Cesar,Brazil,DF,1990-1994,125,6
Moise Kean,Italy,FW,"2016-2019, 2021-",103,22
Sami Khedira,Germany,MF,2015-2021,145,21
Jurgen Kohler,Germany,DF,1991-1995,145,13
Michael Laudrup,Denmark,FW,1985-1989,151,35
Nicola Legrottaglie,Italy,DF,2003-2011,154,9
Gianfranco Leoncini,Italy,MF,1958-1970,395,26
Stephan Lichtsteiner,Switzerland,DF,2011-2018,257,15
Ugo Locatelli,Italy,MF,1941-1949,181,8
Pietro Magni,Italy,DF,1942-1948,108,27
Sergio Manente,Italy,DF,1948-1955,233,15
Mario Mandzukic,Croatia,FW,2015-2019,162,44
Gianpietro Marchetti,Italy,MF,1970-1974,175,7
Claudio Marchisio,Italy,MF,2006-2018,389,37
Giacomo Mari,Italy,MF,1949-1953,135,9
Giancarlo Marocchi,Italy,FW,1988-1996,319,25
Domenico Marocchino,Italy,FW,1979-1983,141,14
Carlo Mattrel,Italy,GK,1957-1965,113,0
Blaise Matuidi,France,MF,2017-2020,133,8
Massimo Mauro,Italy,MF,1985-1989,152,7
Giampaolo Menichelli,Italy,MF,1963-1969,207,64
Paolo Montero,Uruguay,DF,1996-2005,278,7
Luis Monti,Argentina/Kingdom of Italy,MF,1930-1939,263,22
Antonio Montico,Italy,MF,1953-1962,116,27
Alvaro Morata,Spain,FW,"2014-2016, 2020-2022",185,59
Francesco Morini,Italy,DF,1969-1979,377,0
Ermes Muccinelli,Italy,FW,"1946-1955, 1957-1959",246,69
Federico Munerati,Kingdom of Italy,FW,1922-1933,256,114
Pavel Nedved,Czech Republic,MF,2001-2009,327,65
Bruno Nicole,Italy,FW,1957-1963,179,66
Raimundo Orsi,Argentina/Kingdom of Italy,FW,1929-1935,194,88
Simone Padoin,Italy,MF,2012-2016,107,3
Carlo Parola,Kingdom of Italy,DF,1939-1954,339,11
Angelo Peruzzi,Italy,GK,1991-1999,301,0
Gianluca Pessotto,Italy,DF,1995-2006,366,3
Alberto Piccinini,Italy,MF,1949-1953,110,2
Andrea Pirlo,Italy,MF,2011-2015,165,18
Miralem Pjanic,Bosnia and Herzegovina,MF,2016-2020,178,22
Michel Platini,France,MF,1982-1987,224,104
Paul Pogba,France,MF,"2012-2016, 2022-",188,34
Sergio Porrini,Italy,DF,1993-1997,138,5
Karl Praest,Denmark,FW,1949-1956,233,51
Cesare Prandelli,Italy,MF,1979-1985,138,5
Fabio Quagliarella,Italy,FW,2010-2014,102,30
Adrien Rabiot,France,MF,2019-,177,17
Pietro Rava,Kingdom of Italy,DF,1935-1950,330,15
Fabrizio Ravanelli,Italy,FW,1992-1996,160,68
Cristiano Ronaldo,Portugal,FW,2018-2021,134,101
Virginio Rosetta,Kingdom of Italy,DF,1923-1936,366,19
Paolo Rossi,Italy,FW,"1973-1975, 1981-1985",138,44
Daniele Rugani,Italy,DF,2015-,130,8
Giovanni Sacco,Italy,MF,1962-1969,116,3
Sandro Salvadore,Italy,DF,1962-1974,450,17
Alex Sandro,Brazil,DF,2015-,309,15
Benito Sarti,Italy,DF,1958-1968,263,1
Salvatore Schillaci,Italy,FW,1989-1992,132,36
Gaetano Scirea,Italy,DF,1974-1988,550,32
Lucidio Sentimenti,Italy,GK,1942-1949,188,5
Vittorio Sentimenti,Italy,FW,1942-1949,218,69
Mohamed Sissoko,Mali/France,MF,2008-2011,100,3
Omar Sivori,Argentina/Italy,FW,1957-1965,259,174
Luciano Spinosi,Italy,DF,1970-1978,241,4
Gino Stacchini,Italy,FW,1955-1967,279,56
Wojciech Szczesny,Poland,GK,2017-,217,0
Alessio Tacchinardi,Italy,MF,1994-2005,404,15
Stefano Tacconi,Italy,GK,1983-1992,382,0
Marco Tardelli,Italy,MF,1975-1985,377,52
Lilian Thuram,France,DF,2001-2006,204,1
Moreno Torricelli,Italy,DF,1992-1998,230,3
David Trezeguet,France,FW,2000-2010,320,171
Roberto Tricella,Italy,DF,1987-1990,114,2
Igor Tudor,Croatia,DF,1998-2007,174,21
Giovanni Varglien,Kingdom of Italy,MF,1929-1947,410,42
Mario Varglien,Kingdom of Italy,MF,1928-1942,402,17
Gianluca Vialli,Italy,FW,1992-1996,145,53
Arturo Vidal,Chile,MF,2011-2015,171,48
Beniamino Vignola,Italy,MF,"1983-1985, 1986-1988",128,18
Giovanni Viola,Italy,GK,1945-1958,246,0
Pietro Paolo Virdis,Italy,FW,"1977-1980, 1981-1982",110,29
Marcelo Zalayeta,Uruguay,FW,2001-2007,160,34
Gianluca Zambrotta,Italy,DF,1999-2006,297,10
Jonathan Zebina,France,DF,2004-2010,117,1
Zinedine Zidane,France,MF,1996-2001,212,31
Gianfranco Zigoni,Italy,FW,1961-1970,125,36
Dino Zoff,Italy,GK,1972-1983,473,0
